Binary Classification Results Overall,,,,,,,,,,Connective Counts by Topic,,,,,,,,,,Coherence Model Predictions (10 Fold),,,,,,,,,,,,,,
,Control Pred,Patient Pred,Total,,,,,,,Topic,Control Tasks,Patient Tasks,Control Avg Words,Patient Avg Words,Control Avg Conn,Patient Avg Conn,Control Norm Avg Conn,Patient Norm Avg Conn,,,,,,,,,,,,,,,,
Control True,129,145,274,,,,,,,Cat,200,128,135.69,118.36,10.88,9.68,0.080,0.082,,,RelCoh,,,,,,,,EntRelCoh,,,,,
Patient True,58,113,171,,,,,,,Cinderella,201,129,495.81,353.66,48.90,34.85,0.099,0.101,,,Control,,,Patient,,,,,Control,,,Patient,,
,,,,,,,,,,Cinderella_Intro,200,126,11.03,15.56,0.35,0.55,0.019,0.015,,,Low,Medium,High,Low,Medium,High,,,Low,Medium,High,Low,Medium,High
Binary Classification Results By Topic,,,,,,,,,,Cookie,201,128,129.24,105.97,7.98,6.95,0.062,0.064,,Cat,185,0,15,121,0,7,,Cat,162,0,38,60,0,68
Topic,Control True,Control Pred,Patient True,Patient Pred,Accuracy,Macro F1,Control Recall,Patient Recall,,Favorite_Sandwich,86,38,117.92,87.63,11.22,8.40,0.093,0.098,,Cinderella,169,0,32,117,0,12,,Cinderella,179,0,22,125,0,4
Cat,40,21,26,45,0.530,0.528,0.375,0.769,,Rockwell,202,128,206.45,191.87,15.63,14.96,0.076,0.077,,Cinderella_Intro,200,0,0,125,0,0,,Cinderella_Intro,197,0,3,123,0,3
Cinderella,40,34,26,32,0.697,0.693,0.675,0.731,,Sandwich,201,129,118.74,91.63,11.01,8.78,0.093,0.098,,Cookie,183,0,18,123,0,5,,Cookie,180,0,21,111,0,17
Cinderella Intro,40,0,25,65,0.385,0.278,0.000,1.000,,Tea,86,38,109.31,86.50,10.21,8.58,0.095,0.104,,Rockwell,182,0,20,122,0,6,,Rockwell,194,1,9,122,0,6
Cookie,40,15,26,51,0.500,0.486,0.275,0.846,,,,,,,,,,,,Sandwich,60,0,141,55,0,74,,Sandwich,106,0,94,129,0,0
Rockwell,40,24,26,42,0.515,0.515,0.400,0.692,,,,,,,,,,,,Sandwich_Favorite,63,0,23,33,0,5,,Sandwich_Favorite,64,0,22,33,0,5
Sandwich,40,58,26,8,0.546,0.406,0.850,0.077,,,,,,,,,,,,Tea,48,0,38,26,0,12,,Tea,44,0,42,23,0,15
Sandwich_Favorite,17,16,8,9,0.720,0.688,0.765,0.625,,,,,,,,,,,,,,,,,,,,,,,,,,
Tea,17,19,8,6,0.600,0.765,0.765,0.250,,,,,,,,,,,,,RelCoh,,,,,,,,EntRelCoh,,,,,
,,,,,,,,,,,,,,,,,,,,,Control,,,Patient,,,,,Control,,,Patient,,
,,,,,,,,,,,,,,,,,,,,,Low,Medium,High,Low,Medium,High,,,Low,Medium,High,Low,Medium,High
,,,,,,,,,,,,,,,,,,,,Cat,0.925,0.000,0.075,0.945,0.000,0.055,,Cat,0.810,0.000,0.190,0.469,0.000,0.531
,,,,,,,,,,,,,,,,,,,,Cinderella,0.841,0.000,0.159,0.907,0.000,0.093,,Cinderella,0.891,0.000,0.109,0.969,0.000,0.031
,,,,,,,,,,,,,,,,,,,,Cinderella_Intro,1.000,0.000,0.000,1.000,0.000,0.000,,Cinderella_Intro,0.985,0.000,0.015,0.976,0.000,0.024
,,,,,,,,,,,,,,,,,,,,Cookie,0.910,0.000,0.090,0.961,0.000,0.039,,Cookie,0.896,0.000,0.104,0.867,0.000,0.133
,,,,,,,,,,,,,,,,,,,,Rockwell,0.901,0.000,0.099,0.953,0.000,0.047,,Rockwell,0.951,0.005,0.044,0.953,0.000,0.047
,,,,,,,,,,,,,,,,,,,,Sandwich,0.299,0.000,0.701,0.426,0.000,0.574,,Sandwich,0.530,0.000,0.470,1.000,0.000,0.000
,,,,,,,,,,,,,,,,,,,,Sandwich_Favorite,0.733,0.000,0.267,0.868,0.000,0.132,,Sandwich_Favorite,0.744,0.000,0.256,0.868,0.000,0.132
,,,,,,,,,,,,,,,,,,,,Tea,0.558,0.000,0.442,0.684,0.000,0.316,,Tea,0.512,0.000,0.488,0.605,0.000,0.395
,,,,,,,,,,,,,,,,,,,,,,,,,,,,,,,,,,
,,,,,,,,,,,,,,,,,,,,Coherence Model Predictions (1 Fold),,,,,,,,,,,,,,
,,,,,,,,,,,,,,,,,,,,,,,,,,,,,,,,,,
,,,,,,,,,,,,,,,,,,,,,RelCoh,,,,,,,,EntRelCoh,,,,,
,,,,,,,,,,,,,,,,,,,,,Control,,,Patient,,,,,Control,,,Patient,,
,,,,,,,,,,,,,,,,,,,,,Low,Medium,High,Low,Medium,High,,,Low,Medium,High,Low,Medium,High
,,,,,,,,,,,,,,,,,,,,Cat,185,0,15,123,0,5,,Cat,192,0,8,127,0,1
,,,,,,,,,,,,,,,,,,,,Cinderella,168,0,33,113,0,16,,Cinderella,184,0,17,120,0,9
,,,,,,,,,,,,,,,,,,,,Cinderella_Intro,199,0,0,126,0,0,,Cinderella_Intro,200,0,0,126,0,0
,,,,,,,,,,,,,,,,,,,,Cookie,178,0,23,122,0,6,,Cookie,189,0,12,123,0,5
,,,,,,,,,,,,,,,,,,,,Favorite_Sandwich,51,0,35,31,0,7,,Favorite_Sandwich,60,0,27,33,0,5
,,,,,,,,,,,,,,,,,,,,Rockwell,188,0,14,121,0,7,,Rockwell,198,0,4,126,0,2
,,,,,,,,,,,,,,,,,,,,Sandwich,51,0,149,38,0,91,,Sandwich,66,0,135,54,0,75
,,,,,,,,,,,,,,,,,,,,Tea,42,0,44,25,0,13,,Tea,47,0,39,21,0,17
,,,,,,,,,,,,,,,,,,,,,,,,,,,,,,,,,,
,,,,,,,,,,,,,,,,,,,,,RelCoh,,,,,,,,EntRelCoh,,,,,
,,,,,,,,,,,,,,,,,,,,,Control,,,Patient,,,,,Control,,,Patient,,
,,,,,,,,,,,,,,,,,,,,,Low,Medium,High,Low,Medium,High,,,Low,Medium,High,Low,Medium,High
,,,,,,,,,,,,,,,,,,,,Cat,0.925,0.000,0.075,0.961,0.000,0.039,,Cat,0.960,0.000,0.040,0.992,0.000,0.008
,,,,,,,,,,,,,,,,,,,,Cinderella,0.836,0.000,0.164,0.876,0.000,0.124,,Cinderella,0.915,0.000,0.085,0.930,0.000,0.070
,,,,,,,,,,,,,,,,,,,,Cinderella_Intro,1.000,0.000,0.000,1.000,0.000,0.000,,Cinderella_Intro,1.000,0.000,0.000,1.000,0.000,0.000
,,,,,,,,,,,,,,,,,,,,Cookie,0.886,0.000,0.114,0.953,0.000,0.047,,Cookie,0.940,0.000,0.060,0.961,0.000,0.039
,,,,,,,,,,,,,,,,,,,,Favorite_Sandwich,0.593,0.000,0.407,0.816,0.000,0.184,,Favorite_Sandwich,0.690,0.000,0.310,0.868,0.000,0.132
,,,,,,,,,,,,,,,,,,,,Rockwell,0.931,0.000,0.069,0.945,0.000,0.055,,Rockwell,0.980,0.000,0.020,0.984,0.000,0.016
,,,,,,,,,,,,,,,,,,,,Sandwich,0.255,0.000,0.745,0.295,0.000,0.705,,Sandwich,0.328,0.000,0.672,0.419,0.000,0.581
,,,,,,,,,,,,,,,,,,,,Tea,0.488,0.000,0.512,0.658,0.000,0.342,,Tea,0.547,0.000,0.453,0.553,0.000,0.447